Empid,First Name,Last Name,Contact,Email ID,Addar ID,Gender,PAN ID,Address Line 1,Address Line 2,City,Pin Code
1,Dana,Schultz,9950524019,qhicks@yahoo.com,1.99244E+11,female,GB87XOIX0409571361738,80222 Baker Villages Suite 853,"Lake Jonathan, WY 21470",South Scottmouth,429331
2,Nancy,Gregory,9094593048,michaeljohn@raymond.com,6.64926E+11,male,GB97OHFD9453099610860,Unit 8119 Box 2607,DPO AA 85632,East David,479380
3,Craig,Armstrong,9324232967,brittanyberry@davis-stewart.com,6.91385E+11,female,GB57ZYRU2020784558029,432 Bradley Parkway Suite 701,"North Tammieborough, MS 78574",East Meganmouth,926174
4,Vicki,Thompson,9006143878,karen36@gmail.com,3.65961E+11,male,GB09XQGK5254986568141,930 Henry Causeway Apt. 886,"Haleborough, OK 25738",North Mary,633255
5,Kyle,Espinoza,9251289113,bennettjames@yahoo.com,5.98588E+11,female,GB85BMJD3855175375511,6411 Mcguire Shore,"East Joanna, RI 40866",Mikestad,612347
6,Steven,Anderson,9655848879,dflores@yahoo.com,7.82165E+11,male,GB24XYEO7066557283414,809 Henderson Haven,"New Jameshaven, WY 38731",Lake Katie,648423
7,James,Mayo,9297941559,xjohnson@yahoo.com,1.72564E+11,female,GB80NEBR5651196687670,72324 Simpson Land Suite 712,"Port Cindyport, AL 04330",Lake Cheyenne,852824
8,Sydney,Barnes,9365527203,uduran@yahoo.com,4.78161E+11,female,GB16FKRV1958495159710,5804 Kathryn Field Suite 600,"South Gregory, WY 32221",West Shelby,624361
9,Vincent,Phillips,9409791743,tina63@yahoo.com,8.37695E+11,female,GB09HHIX0820372850264,081 Martinez Summit,"Port Diana, MT 88839",New Judyfurt,285597
10,Julie,Hamilton,9013504962,ehughes@yahoo.com,2.23826E+11,male,GB83ZBTN5029075579368,0490 Julia Ferry,"North Austinland, IA 91174",Jasminetown,983215
11,Joel,Hendricks,9984627560,rstone@ford.net,1.97681E+11,female,GB91DQSA4037529029214,"PSC 6981, Box 0991",APO AE 76719,Joneschester,351483
12,John,Jones,9769554284,lunajoanna@yahoo.com,7.85108E+11,male,GB03SDHF0578862127753,53447 Rhonda Meadow,"Port Jeffrey, MO 34890",Mcknightbury,827177
13,Kevin,Ross,9152449807,knightbrett@ross.com,8.1263E+11,female,GB77QOZY8462548334068,15786 Good Rest Suite 000,"Matthewtown, SC 91104",Shaneberg,217596
14,Debra,Patton,9913412111,andrewdominguez@gmail.com,3.66088E+11,male,GB47RVPJ5721045759159,197 Tammy Way Suite 551,"Carterfurt, MA 95786",South Joshua,872362
15,Douglas,Montgomery,9608226914,wardashley@hayes.info,6.95203E+11,female,GB96HYBO4131982080810,2428 Lisa Mountain Apt. 724,"Port Kristopher, MA 52644",East Monica,211116
16,Melissa,Pacheco,9039351905,william09@harris.info,8.87684E+11,female,GB78CNFK4727108834952,427 Jesse Port Apt. 487,"Baileychester, WV 06738",Carolynburgh,192420
17,Todd,Long,9618434300,brooksalexander@stone-kirk.com,9.51076E+11,male,GB71KWSS7479796722139,7744 Bell Course Apt. 108,"Charlesland, ME 62147",New Heatherfurt,324699
18,Tyrone,Curry,9262294604,kristinscott@gmail.com,5.72276E+11,male,GB12SRRL3527944847957,5753 Burke Pass Suite 143,"East Robertside, MT 47032",New Daniel,988422
19,Erin,Savage,9245477998,maria99@hotmail.com,6.03698E+11,female,GB49ZWRL6069395309680,936 Taylor Plaza Apt. 824,"New Robert, KY 48791",Jasonfurt,541149
20,Maria,Fisher,9452089283,floresphillip@yahoo.com,8.71148E+11,female,GB45BXQQ0417090557346,5607 Christopher Fall Apt. 272,"Lake Lauraville, HI 99835",South Christinaton,318133
21,Jessica,Stanley,9934011777,humphreychristopher@hotmail.com,3.60813E+11,female,GB63TXOR4599485463108,4108 Ellis Field,"Williamsville, IA 88217",Henryside,892088
22,Chad,Sawyer,9863430155,drocha@hotmail.com,5.01626E+11,female,GB45QLJF1538431510124,81724 Woods Hollow,"Allisonfurt, IN 75070",Lake Erinfort,948443
23,Joan,Lee,9027122735,blewis@yahoo.com,3.59376E+11,female,GB65DFTY5944957178438,06851 Strickland Courts Apt. 137,"Timothyville, VA 75597",Williamstad,617305
24,Brandon,Wright,9093346227,ronald12@shepherd.biz,7.07666E+11,male,GB09LAPS7474613624172,48177 Johnson Mountains Apt. 160,"Kylemouth, FL 08387",South Jenniferbury,636632
25,Dawn,Suarez,9697507061,cheryl76@hotmail.com,3.08438E+11,male,GB18KGCC9181583950837,76806 Teresa Rest,"Wilkinsonburgh, MI 20713",East Jeffrey,123341
26,Jason,Rice,9956976073,jason01@gmail.com,4.77383E+11,male,GB47GNDB3790487810538,95607 Michael Trace Suite 026,"Andreaton, ID 10930",Carterstad,315813
27,Eric,Hayes,9902357118,denniswilliams@gmail.com,3.11943E+11,male,GB80QBBU5577386170392,418 James Walk,"Harrismouth, NY 78086",West Robintown,480569
28,Sarah,Aguirre,9192977702,jenkinsholly@cobb.com,9.52327E+11,female,GB18LMXL8298721971928,276 Quinn Motorway,"South Nathanmouth, GA 03710",Douglasburgh,126763
29,Jason,Holland,9887456666,jamesmathis@henderson.net,2.30204E+11,female,GB09RPFF7146687876187,USCGC Schwartz,FPO AE 01534,Allenfort,385453
30,Kristina,Vance,9830257064,misty59@hotmail.com,1.39545E+11,male,GB53HWLC3438660562465,73749 Schneider Creek Suite 413,"Doylebury, AR 56448",North Karina,577029
31,Melissa,Gonzalez,9742761236,thomas97@dickerson.com,5.51195E+11,male,GB30IKBG4979450730772,2456 Pennington Pass Suite 314,"Lake Susan, CO 05604",Harperchester,983381
32,Tyler,Rivas,9751373232,michele01@yahoo.com,8.40197E+11,female,GB60JKTI5698086224713,"PSC 9672, Box 1289",APO AP 19450,Marychester,462711
33,Miss,Christine,9485134260,keithjohnson@jimenez.com,6.7339E+11,male,GB39KHDY3795565984373,186 Lawson Pike,"Port Derekfort, NH 08019",Wrightbury,239585
34,Robert,Henry,9963986981,rebeccaromero@wells-hansen.com,2.63288E+11,male,GB42YTVE9028518895799,65161 Walker Path Suite 154,"New Christine, AK 49924",East Laurabury,181574
35,Mr.,Christopher,9170049640,carrcandice@aguilar.org,5.56987E+11,female,GB25CVUH2052823068052,702 Murphy Port,"Lake Stevenchester, CA 69515",Elliottbury,310884
36,Nicole,Phillips,9465020122,xreyes@adams.com,3.97561E+11,male,GB06QSBO7794215274231,07952 Robert Corner Apt. 061,"Port Angela, OH 92685",East Richardfort,847732
37,Jeffery,Nguyen,9193369347,woodjasmine@yahoo.com,5.07514E+11,male,GB14ZURS1058924414089,176 Valerie Avenue Suite 212,"South Stephanieside, MO 44304",East Lauren,337542
38,Edward,Fox,9078363783,bradleypatricia@hotmail.com,8.99191E+11,female,GB28GKPU7429391929013,552 Brewer Key,"New Nicoleport, KS 57714",North Johnhaven,775420
39,Courtney,Hoffman,9796088033,lisasalazar@gmail.com,2.07035E+11,female,GB49WXZD1772958444812,7998 Ellison Meadows Suite 566,"Shepherdburgh, NE 25283",South Kimberly,533092
40,Nathan,Murray,9964797601,lauragarcia@walsh.com,8.73293E+11,male,GB14WKNZ6812316341978,8850 Mack Stream,"East Katelyn, KY 67800",Vaughnton,108806
41,Mackenzie,Blackburn,9534473188,andersondustin@carter-hinton.com,3.35527E+11,female,GB81LISK3330265057086,0598 Deborah Flat,"South Joseph, NE 89487",West Michael,363202
42,Samantha,Rodriguez,9024208315,richard42@galvan-edwards.org,5.67937E+11,female,GB49MTSS9213923913206,00140 Mitchell Mission Suite 265,"Melissamouth, ND 44893",Philipfurt,412665
43,Daniel,Boyer,9206306226,amberrosales@gmail.com,9.64626E+11,female,GB65SMUO1913127170840,51567 Martinez Bypass,"Karenville, HI 98889",Larrychester,266546
44,John,Williams,9926463250,dnavarro@yahoo.com,6.86026E+11,female,GB86IWZE7251729149747,14127 Charles Lodge,"West Kristen, NV 54365",North Kim,279174
45,David,Johnson,9103205435,skrueger@sheppard-ingram.info,7.6011E+11,male,GB27OCJE4470189486361,813 Craig Junctions Suite 372,"South Sandraborough, HI 80880",Heathermouth,278673
46,Matthew,Anderson,9918865250,melinda43@hotmail.com,4.58617E+11,female,GB84TCJT4824238788468,003 Theresa Ports Suite 732,"South Ronald, WI 13202",Sheaside,159356
47,Michael,Rodriguez,9561271462,dwoodard@bishop-johnson.com,8.63481E+11,male,GB81EJYG0111164882371,42037 Chapman Islands Apt. 098,"Lake Carla, SC 53543",West Jennifer,805946
48,Corey,Oconnor,9500615937,pattersonnicole@hotmail.com,7.3451E+11,female,GB65YIMK7259775722927,98416 Jessica Islands Apt. 296,"South Maryhaven, TN 79074",Stephaniestad,939513
49,Ronald,Williams,9290750779,michael63@morrow.info,4.60341E+11,male,GB87EAUQ5276569817922,15001 Alvarado Lock Apt. 470,"Brianside, MO 66463",Edwardsburgh,183896
50,Shannon,Patterson,9677757673,mwilliams@yahoo.com,9.96448E+11,male,GB71XBAL4124833906930,623 Dorsey Plains,"West Antonio, DE 75097",Underwoodburgh,208038
51,Jacqueline,Arroyo,9551257153,megan10@savage-oneill.com,3.78588E+11,male,GB85ADRV8782000245815,Unit 0971 Box 3811,DPO AP 72041,Laneville,364221
52,Lucas,Perez,9292952495,amorgan@stephenson.com,7.62415E+11,male,GB45ZZQI6861534339090,64424 Robert Hollow Apt. 025,"Ashleyberg, OH 63475",Palmerborough,628064
53,Mr.,James,9749795541,michelle53@schwartz-henderson.info,2.06772E+11,female,GB66YKYA5224117117789,71808 Sellers Summit Apt. 568,"South Philip, RI 65925",Myersmouth,963863
54,Samuel,Watson,9217020661,ithompson@gmail.com,6.98745E+11,female,GB88PDDI1143045851811,166 Bruce Ports Suite 773,"East Chase, IL 51917",West Frank,579799
55,Matthew,Davis,9175248933,calexander@wilson.biz,7.23409E+11,female,GB78JTNV4954236886829,527 Fox Green Suite 069,"Mariaborough, CT 08075",Higginsside,291106
56,Sarah,Torres,9188049787,gordonjuan@mccarthy.com,9.46643E+11,female,GB23SZUQ7099573589150,662 Williams Plaza Apt. 027,"West Kevin, MA 13492",Anthonyburgh,735093
57,Tyler,Duncan,9021498416,brent97@yahoo.com,3.42368E+11,female,GB09OKLE8459925208864,436 Harris Point Apt. 202,"Masonfurt, WA 83715",East Evelynstad,720663
58,Paula,Ferguson,9648389132,llewis@mack-willis.biz,9.0234E+11,male,GB88EKJI0017495619964,6767 Massey Mall Apt. 622,"Josephfurt, LA 78325",Petersonland,772160
59,Kathleen,Smith,9369324273,michael72@gmail.com,4.9388E+11,male,GB36TJQO1696421658310,094 Emily Gateway,"Port Kenneth, NM 68079",West Marcia,917080
60,Robin,Atkinson,9910981050,robbinsjoshua@gmail.com,3.34749E+11,male,GB92YNAB3715377981141,Unit 5738 Box 7881,DPO AA 26973,South Jefferytown,628494
61,Kathleen,Anderson,9001318622,gutierrezmichael@hotmail.com,7.95268E+11,female,GB48HECW5847889463809,398 Barbara Shores,"Port Jacquelineville, MN 68282",Elizabethville,749900
62,Miss,Lisa,9685294879,erikavilla@hotmail.com,5.8226E+11,female,GB24TIBG5448070944691,36823 Benjamin Walk,"East Audreychester, KS 21866",North Dustin,522757
63,Jessica,King,9942150727,karen29@gmail.com,7.55289E+11,female,GB34TIWR4264047215359,0425 Castro Loop Suite 937,"North Jamesshire, NJ 15853",East Robertfort,853399
64,Gloria,Hanna,9990359091,janegardner@rubio.info,9.51131E+11,male,GB72ONJL2382431611663,710 Christopher Trafficway Apt. 080,"Leonardfort, MT 62346",Jonesshire,535455
65,John,Whitehead,9838611238,brittanyjones@black.biz,4.89632E+11,female,GB80BCYM5436340340824,7777 Brown Island,"Jasonfurt, MA 03468",North Richardbury,822428
66,Janet,Simpson,9316233761,unguyen@gmail.com,5.66415E+11,female,GB28QMUG2118521691626,"PSC 3791, Box 9037",APO AE 27506,Coreyfurt,588452
67,Edward,Middleton,9849422291,terri89@hotmail.com,2.04593E+11,female,GB76BRGT3526531935769,526 Kathleen Extension Apt. 873,"New Maria, OK 13422",Brianborough,608518
68,Krystal,Gaines,9556496962,fosterkimberly@fuller.net,7.04716E+11,female,GB34AVDQ3177941673429,28253 Caitlyn Vista,"Edwardmouth, NJ 87878",South Christopherfort,960382
69,Nancy,Bartlett,9415251761,todd12@hotmail.com,7.89089E+11,female,GB64OHZX5228664921300,14271 Holt Centers Suite 949,"Lake Marisaborough, OK 36193",Pittmanburgh,998529
70,Bill,Elliott,9245052055,saramorgan@snyder.com,4.2465E+11,female,GB34QGZW3161634997118,"PSC 8572, Box 6341",APO AP 33182,Georgefurt,435077
71,Angie,Sullivan,9043202125,colleen63@jones.com,7.73463E+11,male,GB29SIHV9253371852992,58071 Kevin Walks,"Floresberg, AZ 04532",Davidfort,731322
72,Autumn,Williams,9605509379,courtney79@bailey.biz,2.10871E+11,male,GB19PLZJ0616195398072,85823 Kenneth Falls,"West Kevinfort, VA 86458",Lake Jason,126298
73,Toni,Howard,9452274740,ehuber@yahoo.com,8.95226E+11,female,GB11SQRH2780665002572,426 Charles Prairie,"Michaelland, ME 86750",Huntside,854907
74,Tyler,Miller,9930183040,joshuacastillo@martin.com,4.26469E+11,female,GB31EIMD9686968507439,291 Allen Fall,"Jacksonview, WV 90203",New Wendyburgh,835130
75,Anthony,Harper,9300859477,ibrown@castillo.com,7.40803E+11,female,GB59VMHR0988024488035,3830 Bell Prairie,"Clarkfurt, WA 08042",Lake Paul,766519
76,Jennifer,Sanchez,9351846591,kristine54@gray-scott.com,9.98521E+11,female,GB44SUQE8255224974795,188 Michele Mall,"North Stanley, WI 35939",New Brianmouth,689406
77,Gregory,Brown,9852326699,cmartinez@henry-martin.com,6.00175E+11,female,GB58CEQG2355445849247,6331 Martin Mills,"East Daniel, NM 47438",South Kathy,315050
78,Heather,Choi,9854842653,mevans@hotmail.com,7.73077E+11,female,GB07TYHJ5570856259977,86340 Jimenez Heights Suite 545,"Port Stacey, FL 09197",South Dennisville,859311
79,Colleen,Sawyer,9665216652,smithmarcus@hotmail.com,7.83638E+11,male,GB39BBWL8537436595101,USNV Palmer,FPO AP 30015,Robertville,216253
80,Sherri,Wall,9448416156,johnny93@yahoo.com,9.07756E+11,female,GB71DFMU5888358437148,037 Brianna Trail,"South Rodneystad, MA 14644",North Stacie,504425
81,Paul,Nixon,9605951917,richardsonjennifer@yahoo.com,6.91445E+11,male,GB13NBPY3556609480711,32866 Kim Dam Apt. 041,"Port Mark, SC 83867",West Michaelfurt,612644
82,Brian,Cantu,9123786996,paul36@yahoo.com,8.04407E+11,female,GB08ISID3486173361162,180 Brown Divide Suite 861,"Mooremouth, IN 71196",West Joshua,734792
83,Patrick,Russell,9188511903,floydmichelle@yahoo.com,5.41961E+11,male,GB52KLDP5782422934102,USNS Nelson,FPO AP 59783,South Jonathanside,127139
84,Anna,Perkins,9857929199,joe16@hotmail.com,1.06161E+11,female,GB08POWR6588490312676,"PSC 7286, Box 7931",APO AP 87609,South Matthew,230811
85,Amber,Burns,9983565353,carlsonrachael@ruiz-white.biz,9.76326E+11,male,GB31IFZQ6755924709009,173 Marshall Freeway Apt. 291,"Jessicachester, LA 88234",Jacobchester,268514
86,Michele,Moore,9413348981,murrayrebecca@cole-johns.org,9.13039E+11,female,GB95SYDU6164454296807,1723 Carla Estates,"Morganton, CT 88467",South Matthew,918655
87,Peter,Rodriguez,9473548386,harpererin@hughes.org,5.05175E+11,male,GB44ZZYA0363818179264,814 Joseph Forges,"Barnesstad, MI 42518",Millerborough,759092
88,Renee,Jones,9461739777,zhall@coleman.biz,1.91505E+11,male,GB57SNBT2492457238966,8023 Damon Forest Suite 299,"South Jessica, OK 60441",West Crystalstad,573414
89,Lauren,Dougherty,9835341543,michael04@hotmail.com,5.69529E+11,female,GB23MTCC4410906522488,"PSC 8893, Box 9179",APO AP 20669,North Nicholasstad,238120
90,Frank,Harris,9911827057,leslie23@yahoo.com,2.43798E+11,male,GB18LRKF2145535701831,59700 Roger Mills Apt. 256,"New Kenneth, FL 04417",South Valerieland,169579
91,Sarah,Bowman,9505639554,petersonandrew@yahoo.com,1.48705E+11,female,GB82NWEX3003331063654,855 Pitts Meadows,"Colonmouth, MD 98093",Kelleyport,514326
92,Jamie,Alvarado,9075812040,amanda28@hernandez.net,3.25136E+11,male,GB38RBUR9056962771064,67387 Laura Crest,"East Johnfurt, ND 52155",Kelleyton,201791
93,Ricardo,Peterson,9389006854,edudley@yahoo.com,7.83044E+11,female,GB98FFMO8435386307169,599 Dennis Islands,"North Ryan, NM 07684",West Jeffrey,911239
94,Phyllis,Page,9002396603,susanphillips@spears.com,8.55464E+11,male,GB34GHQD6937397060476,516 Stark Branch,"Caitlinchester, NC 83613",Spencerborough,480918
95,Edward,Fernandez,9369008505,sjohnson@nelson.com,1.16789E+11,male,GB85NCUR6325228858476,32983 Brown Streets,"Billfort, OK 69563",New Alyssa,647212
96,Joshua,Blackburn,9868351962,jessicacarlson@reed.com,2.00986E+11,female,GB47ODXI4984178442971,Unit 9241 Box 8935,DPO AP 24774,Reynoldsstad,692199
97,Veronica,James,9994809866,katrina86@hotmail.com,4.81368E+11,male,GB80KTMZ1046284647991,"PSC 1920, Box 8717",APO AP 37424,North Joshua,815471
98,Ellen,Davis,9023210027,joshua44@baker.com,4.25694E+11,female,GB94PUDQ8148813279691,282 Gregory Center,"Davidmouth, OR 84151",Allenberg,443884
99,Miss,Erica,9518415899,melvinherring@baker.com,2.9994E+11,male,GB39SMVB8823904596382,19926 Jones Inlet Suite 593,"Gregoryport, NE 56379",Heathershire,355852
100,Kelly,Flynn,9847066090,thompsoncarol@yahoo.com,6.57723E+11,female,GB37COLL4819981484009,1327 Rose Spurs,"Jayview, MD 41228",Lake Emily,617650
