Empid,First Name,Last Name,Pass
1,Dana,Schultz,13056
2,Nancy,Gregory,13057
3,Craig,Armstrong,13058
4,Vicki,Thompson,13059
5,Kyle,Espinoza,13060
6,Steven,Anderson,13061
7,James,Mayo,13062
8,Sydney,Barnes,13063
9,Vincent,Phillips,13064
10,Julie,Hamilton,13065
11,Joel,Hendricks,13066
12,John,Jones,13067
13,Kevin,Ross,13068
14,Debra,Patton,13069
15,Douglas,Montgomery,13070
16,Melissa,Pacheco,13071
17,Todd,Long,13072
18,Tyrone,Curry,13073
19,Erin,Savage,13074
20,Maria,Fisher,13075
21,Jessica,Stanley,13076
22,Chad,Sawyer,13077
23,Joan,Lee,13078
24,Brandon,Wright,13079
25,Dawn,Suarez,13080
26,Jason,Rice,13081
27,Eric,Hayes,13082
28,Sarah,Aguirre,13083
29,Jason,Holland,13084
30,Kristina,Vance,13085
31,Melissa,Gonzalez,13086
32,Tyler,Rivas,13087
33,Miss,Christine,13088
34,Robert,Henry,13089
35,Mr.,Christopher,13090
36,Nicole,Phillips,13091
37,Jeffery,Nguyen,13092
38,Edward,Fox,13093
39,Courtney,Hoffman,13094
40,Nathan,Murray,13095
41,Mackenzie,Blackburn,13096
42,Samantha,Rodriguez,13097
43,Daniel,Boyer,13098
44,John,Williams,13099
45,David,Johnson,13100
46,Matthew,Anderson,13000
47,Michael,Rodriguez,13001
48,Corey,Oconnor,13002
49,Ronald,Williams,13003
50,Shannon,Patterson,13004
51,Jacqueline,Arroyo,13005
52,Lucas,Perez,13006
53,Mr.,James,13007
54,Samuel,Watson,13009
55,Matthew,Davis,13010
56,Sarah,Torres,13011
57,Tyler,Duncan,13012
58,Paula,Ferguson,13013
59,Kathleen,Smith,13014
60,Robin,Atkinson,13015
61,Kathleen,Anderson,13016
62,Miss,Lisa,13017
63,Jessica,King,13018
64,Gloria,Hanna,13019
65,John,Whitehead,13020
66,Janet,Simpson,13021
67,Edward,Middleton,13022
68,Krystal,Gaines,13023
69,Nancy,Bartlett,13024
70,Bill,Elliott,13025
71,Angie,Sullivan,13026
72,Autumn,Williams,13027
73,Toni,Howard,13028
74,Tyler,Miller,13029
75,Anthony,Harper,13030
76,Jennifer,Sanchez,13031
77,Gregory,Brown,13032
78,Heather,Choi,13033
79,Colleen,Sawyer,13034
80,Sherri,Wall,13035
81,Paul,Nixon,13036
82,Brian,Cantu,13037
83,Patrick,Russell,13038
84,Anna,Perkins,13039
85,Amber,Burns,13040
86,Michele,Moore,13041
87,Peter,Rodriguez,13042
88,Renee,Jones,13043
89,Lauren,Dougherty,13044
90,Frank,Harris,13045
91,Sarah,Bowman,13046
92,Jamie,Alvarado,13047
93,Ricardo,Peterson,13048
94,Phyllis,Page,13049
95,Edward,Fernandez,13050
96,Joshua,Blackburn,13051
97,Veronica,James,13052
98,Ellen,Davis,13053
99,Miss,Erica,13054
100,Kelly,Flynn,13055
